{"accuracy": [0.05663999915122986, 0.1120000034570694, 0.1849599927663803, 0.24447999894618988, 0.3190400004386902, 0.3654400110244751, 0.45184001326560974, 0.551360011100769, 0.639680027961731, 0.7123200297355652, 0.8019199967384338, 0.8352000117301941, 0.8796799778938293, 0.8998399972915649, 0.9251199960708618, 0.955839991569519, 0.944320023059845, 0.9500799775123596, 0.958079993724823, 0.9635199904441833, 0.9670400023460388, 0.9715200066566467, 0.9772800207138062, 0.9785599708557129, 0.9721599817276001, 0.9820799827575684, 0.9638400077819824, 0.9750400185585022, 0.9692800045013428, 0.9772800207138062, 0.978879988193512, 0.9728000164031982], "loss": [3.466752767562866, 3.087926149368286, 2.7486865520477295, 2.492921829223633, 2.2280495166778564, 2.0173895359039307, 1.7435325384140015, 1.4663896560668945, 1.145565390586853, 0.8815209269523621, 0.6380351781845093, 0.5287579894065857, 0.38899919390678406, 0.32842692732810974, 0.24759601056575775, 0.15178458392620087, 0.1982504427433014, 0.16649480164051056, 0.13504080474376678, 0.12948299944400787, 0.11562251299619675, 0.09509593993425369, 0.07266734540462494, 0.07346391677856445, 0.07899542152881622, 0.06536083668470383, 0.12006691098213196, 0.0813148021697998, 0.08900173753499985, 0.0738055408000946, 0.06202518194913864, 0.10340885072946548], "val_accuracy": [0.15642458200454712, 0.20111732184886932, 0.3212290406227112, 0.4832402169704437, 0.589385449886322, 0.6256983280181885, 0.6787709593772888, 0.8128491640090942, 0.8547486066818237, 0.8938547372817993, 0.8798882961273193, 0.9329608678817749, 0.9329608678817749, 0.9469273686408997, 0.9553072452545166, 0.9581005573272705, 0.9525139927864075, 0.9357541799545288, 0.9553072452545166, 0.9581005573272705, 0.9581005573272705, 0.9553072452545166, 0.9553072452545166, 0.9636871218681335, 0.9608938694000244, 0.9581005573272705, 0.9553072452545166, 0.9664804339408875, 0.9636871218681335, 0.9608938694000244, 0.9525139927864075, 0.9553072452545166], "val_loss": [3.144024133682251, 2.589724540710449, 2.19539213180542, 1.7928521633148193, 1.4687825441360474, 1.2153780460357666, 1.0063109397888184, 0.6438202857971191, 0.5200710892677307, 0.36899954080581665, 0.43715086579322815, 0.31423792243003845, 0.25826767086982727, 0.2686103880405426, 0.24028925597667694, 0.23035451769828796, 0.2569408416748047, 0.24765153229236603, 0.23349787294864655, 0.25801798701286316, 0.26017600297927856, 0.26017406582832336, 0.25559157133102417, 0.24600639939308167, 0.2716769278049469, 0.3002476990222931, 0.2303454875946045, 0.252360463142395, 0.2225438505411148, 0.2614249885082245, 0.2727600038051605, 0.2821294069290161]}